dataset,row_number,record_id,reason
customers,1,c001,duplicate_primary_key
customers,2,C002,invalid_currency
customers,3,C003,invalid_currency
customers,4,C004,invalid_tier
customers,5,C005,invalid_email
customers,6,C006,invalid_tier
customers,7,C007,invalid_currency
customers,8,C008,invalid_email
customers,9,C009,invalid_currency
customers,10,C010,invalid_currency
customers,11,C010,duplicate_primary_key
customers,12,C011,invalid_currency
customers,13,C012,invalid_currency
customers,14,N/A,duplicate_primary_key
customers,15,C013,invalid_currency
customers,16,C014,invalid_currency
orders,1,o001,duplicate_primary_key
orders,2,O002,invalid_amount
orders,3,O003,invalid_status
orders,4,O004,invalid_status
orders,5,O005,invalid_amount
orders,6,O006,invalid_amount
orders,7,O007,invalid_amount
orders,8,O008,invalid_amount
orders,9,O009,invalid_amount
orders,10,O009,duplicate_primary_key
orders,11,O010,invalid_amount
orders,12,O011,invalid_status
orders,13,O012,invalid_amount
orders,14,O013,invalid_amount
orders,15,O014,invalid_date
orders,16,O015,invalid_amount
orders,17,O016,invalid_amount
orders,18,O017,invalid_amount
payments,1,p001,duplicate_primary_key
payments,2,P002,invalid_amount
payments,3,P003,invalid_amount
payments,4,P004,invalid_amount
payments,5,P005,invalid_amount
payments,6,P006,invalid_amount
payments,7,P007,invalid_amount
payments,8,P008,invalid_amount
payments,9,P009,invalid_date
payments,10,P010,invalid_amount
payments,11,P011,invalid_amount
payments,12,P011,duplicate_primary_key
payments,13,P012,invalid_amount
refunds,1,r001,duplicate_primary_key
refunds,2,R002,invalid_amount
refunds,3,R003,invalid_amount
refunds,4,R004,invalid_amount
refunds,5,R005,invalid_amount
refunds,6,R006,invalid_amount
refunds,7,R007,invalid_date
refunds,8,R008,invalid_amount
refunds,9,R009,invalid_amount
refunds,10,R009,duplicate_primary_key
